nombre;email;telefono;pais;postalZip;postalZip1;texto
Quin Greer;luctus@google.couk;1-399-315-7388;Norrköping;Id Consulting;2655;inceptos hymenaeos. Mauris ut quam
Louis Boyle;donec.sollicitudin@outlook.edu;1-675-643-1656;Puerto Carreño;Amet Ultricies Institute;688785;Nunc commodo
George Cook;vel.pede@yahoo.couk;(106) 451-7435;Avesta;Parturient Montes LLP;56488-53212;Nullam nisl. Maecenas malesuada fringilla est. Mauris eu
Elaine Abbott;pharetra@aol.net;1-242-431-1228;Moscow;Ligula Nullam Feugiat Limited;24386;placerat, augue. Sed molestie. Sed id
Zahir Chan;consectetuer.adipiscing@icloud.com;(728) 729-7891;Suwałki;Elit Aliquam Auctor Foundation;47256;sem, consequat nec, mollis vitae,
Graiden Goff;praesent.luctus@hotmail.org;(813) 213-7244;Santa Rosa de Cabal;Ullamcorper Viverra Maecenas Consulting;1208-8726;ut, sem. Nulla interdum. Curabitur dictum. Phasellus
Lucian Wilkinson;et.rutrum.eu@protonmail.net;(742) 726-2354;Zhob;Tempor Lorem Eget LLP;5183;ullamcorper magna. Sed eu eros. Nam consequat dolor
Matthew Olson;ac.orci@aol.couk;(857) 542-7580;Augusta;Dui Limited;84560;justo nec ante. Maecenas mi felis, adipiscing
Kevin Parker;auctor.velit@yahoo.edu;1-731-654-4242;Canberra;Eros Industries;53-433;turpis vitae purus gravida sagittis. Duis gravida. Praesent eu nulla
Hollee Hudson;dolor.sit@protonmail.com;1-417-313-3510;Calamar;Mollis Nec Cursus LLP;329963;quam quis diam.
Conan Marks;dictum.eu.eleifend@icloud.ca;1-378-636-5182;Calbayog;Ut Sem Limited;HJ41 7HY;purus gravida sagittis.
Ramona Jackson;velit.aliquam@hotmail.ca;(178) 891-7283;Tarnów;Hymenaeos Mauris Institute;11377-11861;Integer in magna.
Leila Whitley;sem.magna.nec@icloud.net;(906) 521-1071;Huesca;Quisque Ornare Tortor Company;39031;lacus.
Vivian Aguilar;vulputate.velit.eu@outlook.org;(888) 232-2645;Lot;Morbi Accumsan Corporation;72276;felis purus ac tellus. Suspendisse
Anastasia Merritt;ipsum.porta@outlook.org;(881) 668-8150;Vetlanda;Proin Vel Associates;681868;Donec fringilla. Donec
Alice Short;pede.ac.urna@icloud.org;1-632-762-4935;Bremerhaven;Ornare LLP;51613;ornare, lectus ante dictum mi, ac mattis
Octavia Ball;egestas@icloud.couk;(837) 115-0311;Chortkiv;Natoque Penatibus Corp.;14651;cursus a, enim. Suspendisse aliquet, sem ut cursus luctus, ipsum
Mark Mcdaniel;urna.vivamus@protonmail.com;1-476-529-1668;Göksun;At Egestas A Limited;87-46;odio
Coby Monroe;accumsan.neque@protonmail.net;(817) 601-7490;Champigny-sur-Marne;Elit Sed Foundation;42876-644;Nullam vitae diam. Proin
Leah Watts;nisi.nibh@aol.couk;(323) 563-4367;King William's Town;Etiam Gravida Ltd;779286;malesuada. Integer
Holmes Summers;ipsum@google.org;1-673-312-3736;Algeciras;Commodo Auctor Velit PC;9326;auctor. Mauris vel turpis. Aliquam adipiscing lobortis risus.
Wang Carter;tortor.nunc.commodo@outlook.ca;(573) 822-6355;Villanova d'Albenga;Egestas Ligula LLC;751771;eu, ligula. Aenean euismod mauris
Yuri Clay;dictum@aol.org;1-718-414-8301;Santa Cruz de Lorica;Dolor Quisque Tincidunt Corporation;9157 HI;hendrerit consectetuer, cursus et, magna. Praesent interdum ligula
Perry Hale;pretium.aliquet@yahoo.net;1-788-218-1627;Morelia;Varius Foundation;3293 XB;Ut tincidunt
Rinah Lee;tellus@outlook.ca;(360) 392-0818;Matlock;Pede Ultrices Industries;67882-05434;malesuada fames ac turpis egestas. Aliquam fringilla cursus purus.
Calvin Dunn;ante.dictum@google.ca;(247) 952-7166;Heerenveen;Semper Associates;33844;nunc id enim. Curabitur massa. Vestibulum
Dai Bates;imperdiet@google.ca;1-497-738-4446;Drohobych;Aenean Sed Associates;0314-2919;consectetuer,
Austin Herrera;luctus@google.com;(241) 113-4921;Kieldrecht;Ante Lectus Inc.;K2V 3E8;lorem ipsum sodales purus, in molestie tortor
Kasper Lara;tempor.arcu@aol.edu;(631) 345-2404;Juliaca;A Malesuada LLP;35-62;Sed congue, elit
Ciara Travis;facilisis@aol.org;(512) 888-1853;Quibdó;Purus Ac Tellus LLP;178769;ac facilisis
Galena Mcintosh;non.justo@yahoo.com;(353) 534-1082;Pamplona;Nam Ligula Elit Consulting;782463;dolor. Fusce mi lorem, vehicula et, rutrum eu,
Aladdin Stephens;non@google.org;1-147-726-8211;Downtown Core;Quam Quis Diam Foundation;33302;non magna. Nam ligula elit, pretium et, rutrum
Clementine Gilliam;suscipit.nonummy@aol.ca;1-477-754-7084;Diego de Almagro;Ipsum Inc.;65-542;at arcu. Vestibulum ante ipsum primis
Quemby Collier;convallis.convallis@google.ca;1-682-957-3441;Felixstowe;Tempus Lorem Foundation;51615;erat. Sed nunc est, mollis
Lawrence Larson;nam.consequat.dolor@icloud.com;1-466-230-2668;Victor Harbor;Mauris Foundation;5162;dapibus ligula. Aliquam
Dominique Martin;velit.quisque@aol.com;1-330-216-8422;Galway;Consequat Purus Maecenas Institute;1173;Sed id risus quis diam luctus lobortis. Class
Harlan Pace;auctor@protonmail.org;(532) 571-5537;Mmabatho;Nullam Suscipit Est Foundation;427682;ultrices posuere cubilia Curae Phasellus
Ginger Lee;est.nunc@protonmail.edu;1-119-818-2756;Roodepoort;Lectus Quis Massa LLP;50807;nec,
Daryl Cochran;sem@yahoo.com;1-533-253-8162;Port Augusta;Vulputate Eu PC;398733;Integer tincidunt aliquam arcu. Aliquam ultrices iaculis odio. Nam
Raja Sutton;phasellus@icloud.couk;(235) 248-3278;Cork;Sed Et Ltd;710426;scelerisque, lorem ipsum sodales
Ciaran Jarvis;sociis@outlook.ca;1-942-723-7686;Sacramento;Tincidunt Inc.;633822;et libero. Proin mi. Aliquam gravida
Lisandra Scott;metus.vitae@yahoo.org;1-885-815-8136;Motala;Magna Sed Corporation;0147;pharetra sed, hendrerit a, arcu. Sed et
Devin Thornton;suspendisse@yahoo.edu;(581) 217-2548;Wanganui;Tempor Diam Inc.;3667;magna a neque. Nullam ut nisi
Rose Vinson;natoque@icloud.couk;1-645-276-5856;Zamboanga City;Odio Corporation;18547;Cum sociis
Amy Richardson;vitae.diam@icloud.couk;(398) 386-1602;Secunda;Amet Diam Eu Incorporated;94825-49036;posuere cubilia Curae Donec tincidunt.
Ulric Burnett;non.nisi@hotmail.com;(326) 751-1656;Kawerau;Purus Mauris A LLC;38802;lorem, eget mollis lectus
Damian Miranda;sagittis.lobortis@hotmail.couk;(526) 552-9665;Sichuan;Sed Eu Eros Industries;58172;elit, dictum eu,
Ezekiel Patterson;dui.augue@yahoo.ca;(267) 450-1784;Ife;Donec Vitae Erat Ltd;9484;justo sit amet
Ulysses Duran;nisl@google.couk;(765) 767-8648;Blenheim;Elit Pharetra Ut Limited;5684;penatibus et magnis dis parturient montes, nascetur ridiculus mus.
Brody Schwartz;mauris.quis@protonmail.edu;(493) 821-5188;Limón (Puerto Limón];Elit Pede Malesuada Institute;2702 GA;turpis non enim. Mauris quis turpis
