name;email;phone;postalZip;company;postalZip1;text
Ayanna Baldwin;sodales.elit.erat@outlook.com;1-596-616-9927;Phan Thiết;Elit Pellentesque Inc.;06669;Phasellus elit pede, malesuada vel, venenatis vel, faucibus
Zane Camacho;mauris.nulla@hotmail.org;1-956-577-7632;Fort Simpson;Dapibus Rutrum Corp.;43548;Mauris magna. Duis dignissim tempor arcu.
Hanae Trevino;consectetuer.mauris.id@protonmail.edu;1-693-455-4714;Uddevalla;Amet Diam Incorporated;4799;facilisis facilisis, magna tellus
Xandra Soto;turpis.non@protonmail.org;1-644-761-5920;Zamboanga City;Eget Metus In Associates;8502-6594;congue, elit sed consequat auctor, nunc nulla
Samuel Good;ante.bibendum@outlook.ca;1-175-175-2255;Grimstad;Augue Ut Lacus Institute;21782;purus. Nullam scelerisque neque sed sem
Brooke Sykes;risus@hotmail.com;1-655-729-6452;Thatta;Non Dapibus Corp.;843255;magna.
Patrick Dejesus;nunc.ullamcorper@hotmail.com;1-346-767-8725;Phuthaditjhaba;Nunc Mauris Sapien Consulting;9752;hymenaeos. Mauris ut quam vel sapien imperdiet
William Potter;in@hotmail.ca;1-525-625-3374;Indianapolis;Nec Quam LLC;62948;nulla vulputate dui, nec tempus mauris erat eget
Mollie Moses;lobortis.quis@google.edu;1-971-345-2541;Okene;Dapibus Gravida Aliquam Inc.;18344;leo. Morbi neque tellus, imperdiet
Cody Merritt;fames.ac.turpis@aol.edu;(548) 726-8829;Belfast;Vehicula Et Rutrum Institute;213726;Nullam nisl. Maecenas
Fuller Brewer;eleifend.cras.sed@yahoo.net;1-686-332-5048;Tonk;In Aliquet Lobortis Foundation;9767;erat vel pede blandit congue. In
Erica Glover;nibh@icloud.edu;1-142-178-3037;Emalahleni;Elit Etiam Laoreet Incorporated;357347;Cras interdum. Nunc sollicitudin commodo ipsum. Suspendisse
Damian Sellers;risus.nunc@yahoo.com;1-183-134-5774;Campinas;Nec Industries;5281;vel sapien imperdiet ornare. In
Dana Waller;litora.torquent@hotmail.couk;(433) 632-4463;Linkebeek;Aenean PC;6833;Praesent eu dui. Cum sociis natoque penatibus et
Octavius Wilkerson;curabitur.ut@icloud.com;(205) 641-4233;Clearwater Municipal District;Quis Corporation;4285;Proin sed turpis nec mauris
Brittany Pratt;duis.risus@icloud.org;(618) 273-7843;Ijebu Ode;Lacinia At Iaculis Inc.;5289-8682;semper rutrum. Fusce
Garrison Meadows;leo.elementum.sem@yahoo.edu;(127) 161-3863;Ollagüe;Ut Eros Corporation;89100;et magnis dis parturient
Aladdin Jimenez;mauris@yahoo.ca;1-366-788-2388;Santarém;Diam Vel Incorporated;85937;et, lacinia vitae, sodales
Rama Hendrix;arcu.imperdiet@google.com;(715) 782-4802;Geoje;Molestie Incorporated;71-938;pede, nonummy ut, molestie in, tempus eu, ligula.
Shelly Hendricks;diam.proin@hotmail.net;(624) 958-3646;Kaduna;Sed Eu Company;4108;tempor arcu. Vestibulum ut eros non enim commodo hendrerit.
Lee Sharpe;egestas.duis@protonmail.org;(561) 270-9461;Dordrecht;Dui Suspendisse Incorporated;5208;enim consequat purus.
Bertha Heath;lobortis@outlook.couk;(545) 513-5343;Llaillay;Sit Amet Incorporated;8767;tellus sem mollis dui, in sodales
Amena Bush;diam.dictum.sapien@yahoo.net;(534) 952-3836;Cabadbaran;Laoreet Institute;8175;luctus vulputate, nisi sem semper erat,
Alea Maxwell;quis.diam.luctus@yahoo.org;(788) 467-7650;Gaziantep;Ultrices A Incorporated;43-723;sit amet massa. Quisque porttitor
Jacob Jacobson;eu.ligula.aenean@hotmail.com;(576) 641-9152;Galway;Ipsum Institute;5583;Aliquam erat
Isaac Huff;parturient.montes@google.org;(580) 287-9739;Alto Hospicio;Mauris Sit PC;3517 XQ;Lorem ipsum dolor sit amet, consectetuer adipiscing elit.
Ivan Osborn;interdum.feugiat@protonmail.ca;(734) 265-3862;Mol;Enim Consequat Purus Institute;731772;amet ornare lectus justo eu arcu. Morbi
Forrest Burnett;neque.et.nunc@hotmail.couk;(603) 838-2614;Laguna Blanca;Sapien Limited;32-64;vitae semper egestas, urna justo faucibus lectus, a sollicitudin orci
Stuart Lee;nullam.enim@google.couk;(474) 895-3108;Moere;Tincidunt Vehicula Risus LLC;8562;mattis. Integer
Colin Waller;lorem.sit@protonmail.couk;(591) 312-3311;San Juan del Río;Morbi Tristique Corp.;4226;penatibus et magnis dis parturient montes, nascetur ridiculus mus. Proin
